
--
--  insertions for organisation, university, corporation and phone numbers
--
 
insert into organisation values 
('National Technical University of Athens', 'NTUA', 'Katehaki','69', '15772', 'Zografou');
 
insert into university values 
('National Technical University of Athens', 300680);

insert into organisation_phone_numbers values 
('National Technical University of Athens', 2107721000);

 
insert into organisation values 
('National Observatory of Athens', 'NOA', 'Lofos Nimphon','69', '11810', 'Athens');
 
insert into research_centre values 
('National Observatory of Athens', 230000, 550000);

insert into organisation_phone_numbers values 
('National Observatory of Athens', 2103490000);

 
insert into organisation values 
('National Infrastructures for Research and Technology', 'GRNET', 'Kifisias ave.','7', '11523', 'Athens');
 
insert into research_centre values 
('National Infrastructures for Research and Technology', 250000, 390000);

insert into organisation_phone_numbers values 
('National Infrastructures for Research and Technology', 2107474274);

 
insert into organisation values 
('Hellenic Atomic Energy Committee', 'EEAE', 'Neapoleos','70', '15341', 'Agia Paraskevi');
 
insert into research_centre values 
('Hellenic Atomic Energy Committee', 190000, 330000);

insert into organisation_phone_numbers values 
('Hellenic Atomic Energy Committee', 2106506700);

 
insert into organisation values 
('National Center for Research and Technological Development', 'EKETA', 'Aigialias','52', '15125', 'Marousi');
 
insert into research_centre values 
('National Center for Research and Technological Development', 310000, 450000);
 
insert into organisation_phone_numbers values 
('National Center for Research and Technological Development', 2111069599);
 
 
insert into organisation values 
('Hellenic Centre for Marine Research', 'HCMR', 'Athens Sounio ave.','52', '16452', 'Argiroupoli');
 
insert into research_centre values 
('Hellenic Centre for Marine Research', 160000, 110000);

insert into organisation_phone_numbers values 
('Hellenic Centre for Marine Research', 2291076462);

 
insert into organisation values 
('Center For Renewable Energy Sources', 'CRES', 'Marathonos ave.','19', '19009 ', 'Pikermi');
 
insert into research_centre values 
('Center For Renewable Energy Sources', 305000, 600300);

insert into organisation_phone_numbers values 
('Center For Renewable Energy Sources', 2106603300);

 
insert into organisation values 
('Center for Dissemination of Research Results', 'KEDEA', 'Tritis Septembriou','82', '54636 ', 'Thessaloniki');
 
insert into research_centre values 
('Center for Dissemination of Research Results', 180000, 200000);

insert into organisation_phone_numbers values 
('Center for Dissemination of Research Results', 2310994013);


insert into organisation values 
('Institute of Astrophysics', 'IA', 'N.Plastira','100', '70013 ', 'Heraklion Crete');
 
insert into research_centre values 
('Institute of Astrophysics', 120000, 290000);

insert into organisation_phone_numbers values 
('Institute of Astrophysics', 2810394200);

 
insert into organisation values 
('Institute of Mediterranean Studies', 'IMS', 'Ioannou Melissinou','130', '74100 ', 'Rethimno');
 
insert into research_centre values 
('Institute of Mediterranean Studies', 210000, 472000);

insert into organisation_phone_numbers values 
('Institute of Mediterranean Studies', 2109520047);


insert into organisation values
('Foundation of Research and Technology', 'FORTH', 'N.Plastira', '100', '11321', 'Heraklion Crete');
 
insert into research_centre values
('Foundation of Research and Technology', 350000, 610000);

insert into organisation_phone_numbers values 
('Foundation of Research and Technology', 2810391537);

insert into organisation_phone_numbers values 
('Foundation of Research and Technology', 2810391846);


insert into organisation values
('Hellenic Pasteur Institute', 'HPI', 'Vasilissis Sofias', '127', '11521', 'Athens');
 
insert into research_centre values
('Hellenic Pasteur Institute', 420000, 732000);

insert into organisation_phone_numbers values 
('Hellenic Pasteur Institute', 2106478800);

 
insert into organisation values
('Patras Science Park', 'PSP', 'Stadiou', '25', '26504', 'Patras');
 
insert into research_centre values
('Patras Science Park', 150000, 302000);

insert into organisation_phone_numbers values 
('Patras Science Park', 2610911550);

 
insert into organisation values
('Biomedic Sciences Research Center', 'BSRC', 'Fleming Street', '34', '16672', 'Vari');
 
insert into research_centre values
('Biomedic Sciences Research Center', 246000, 570000);

insert into organisation_phone_numbers values 
('Biomedic Sciences Research Center', 2109656310);

 
insert into organisation values
('Chemical Process and Energy Resources Institute', 'CPERI', 'Aigialeias', '52', '15125', 'Athens');
 
insert into research_centre values
('Chemical Process and Energy Resources Institute', 400000, 512000);

insert into organisation_phone_numbers values 
('Chemical Process and Energy Resources Institute', 2111069500);

 
insert into organisation values
('Institute of Technology and Communications', 'ITC', 'Thermis', '19', '57001', 'Thessaloniki');
 
insert into research_centre values
('Institute of Technology and Communications', 200000, 265000);

insert into organisation_phone_numbers values 
('Institute of Technology and Communications', 2310856585);

 
insert into organisation values
('Institute of Historical Research', 'IHR', 'Konstatinou', '48', '11635', 'Athens');
 
insert into research_centre values
('Institute of Historical Research', 170000, 230000);

insert into organisation_phone_numbers values 
('Institute of Historical Research', 2106949333);

 
insert into organisation values
('Institute of Nanotechnology', 'IN', 'Panepistimiou', '23', '78647', 'Chalandri');
 
insert into research_centre values
('Institute of Nanotechnology', 300000, 510500);

insert into organisation_phone_numbers values 
('Institute of Nanotechnology', 2106503381);

insert into organisation_phone_numbers values 
('Institute of Nanotechnology', 2106522872);

 
insert into organisation values
('Institute of Oceanography', 'IO', 'Kifisias ave.', '56', '34567', 'Kifissia');
 
insert into research_centre values
('Institute of Oceanography', 185000, 420000);

insert into organisation_phone_numbers values 
('Institute of Oceanography', 2109247312);


insert into organisation values
('MISKO', 'MISKO', 'Paradeisou', '2', '15125', 'Marousi');
 
insert into corporation values
('MISKO', 150000);

insert into organisation_phone_numbers values 
('MISKO', 2105197800);


insert into organisation values
('Industrial Systems Institute', 'ISI', 'Platani', '142', '26504', 'Patras');
 
insert into research_centre values
('Industrial Systems Institute', 679860, 350000);

insert into organisation_phone_numbers values 
('Industrial Systems Institute', 2610910301);

 
insert into organisation values
('Institute of Electronic Structure and Laser', 'IESL', 'N.Plastira', '78', '70013', 'Heraklion Crete');
 
insert into research_centre values
('Institute of Electronic Structure and Laser', 127000, 120000);

insert into organisation_phone_numbers values 
('Institute of Electronic Structure and Laser', 2810913331);


insert into organisation values
('Institute of Information Science', 'IIS', 'N.Plastira', '56', '11321', 'Heraklion Crete');
 
insert into research_centre values
('Institute of Information Science', 765600, 451000);

insert into organisation_phone_numbers values 
('Institute of Information Science', 2810652752);

 
insert into organisation values
('University of Athens', 'UoA', 'Tsafou','5', '16121', 'Athens');
 
 insert into university values
('University of Athens', 200000);

insert into organisation_phone_numbers values 
('University of Athens', 2107277000);

 
insert into organisation values
('Hellenic Telecommunications Organisation', 'OTE', 'Kifisias ave.','99', '15124', 'Athens');
 
insert into corporation values
('Hellenic Telecommunications Organisation', 900000);

insert into organisation_phone_numbers values 
('Hellenic Telecommunications Organisation', 2106111000);


insert into organisation values
('University of Crete', 'UoC', 'Andrea Kalokairinou','13', '71500', 'Heraklion Crete');

insert into university values
('University of Crete', 500000);

insert into organisation_phone_numbers values 
('University of Crete', 2810394763);

insert into organisation_phone_numbers values 
('University of Crete', 2831077727);

 
insert into organisation values
('Hellenic Petroleum', 'Helpe', 'Heimarras','8', '15125', 'Athens');
 
insert into corporation values
('Hellenic Petroleum', 190000);

insert into organisation_phone_numbers values 
('Hellenic Petroleum', 2106302000);

 
insert into organisation values
('Watt and Wolt', 'Watt + Wolt', 'Kifisias ave.','217', '15124', 'Athens');
 
insert into corporation values
('Watt and Wolt', 200000);

insert into organisation_phone_numbers values 
('Watt and Wolt', 2130189199);

 
insert into organisation values
('Aristotle University of Thessaloniki', 'AUTh', 'Kiriakidi','1', '54621', 'Thessaloniki');
 
insert into university values
('Aristotle University of Thessaloniki', 540987);

insert into organisation_phone_numbers values 
('Aristotle University of Thessaloniki', 2310996000);

 
insert into organisation values
('Onassis Foundation', 'Onassis', 'Andrea Siggrou ave.','107', '11745', 'Athens');
 
insert into corporation values
('Onassis Foundation', 670892);

insert into organisation_phone_numbers values 
('Onassis Foundation', 2111981784);

 
insert into organisation values
('University of Patras', 'UPatras', 'Ippokratous ave.','152', '26504', 'Patras');
 
insert into university values
('University of Patras', 670000);

insert into organisation_phone_numbers values 
('University of Patras', 2610996683);

 
insert into organisation values
('National Centre of Scientific Research "Demokritos"', 'Demokritos', 'Neapoleos','27', '15341', 'Agia Paraskevi');
 
insert into research_centre values
('National Centre of Scientific Research "Demokritos"', 560000, 789234);

insert into organisation_phone_numbers values 
('National Centre of Scientific Research "Demokritos"', 2106503000);

--
--  insertions for researchers
--
insert into researcher values
(NULL, 'Dimitris', 'Gerokonstantis', 'Male', '2001-08-24','National Technical University of Athens');

insert into researcher values
(NULL, 'Fragiskos', 'Roussos', 'Male', '2000-02-12','Aristotle University of Thessaloniki');

insert into researcher values
(NULL, 'Konstantinos', 'Jamal', 'Male', '2001-01-01','Institute of Historical Research');

insert into researcher values
(NULL, 'Freideriki', 'Palaiologou', 'Female', '1989-11-13','Hellenic Pasteur Institute');

insert into researcher values
(NULL, 'Paul', 'Simon', 'Male', '1941-10-13','Biomedic Sciences Research Center');

insert into researcher values
(NULL, 'Amadeus', 'Mozart', 'Male', '1973-12-05','Center for Dissemination of Research Results');

insert into researcher values
(NULL, 'Spiridon', 'Plakatzis', 'Male', '1969-04-15','Center For Renewable Energy Sources');

insert into researcher values
(NULL, 'Faidon', 'Nikolaou', 'Other', '1993-07-28','Chemical Process and Energy Resources Institute');

insert into researcher values
(NULL, 'Woody', 'Allenakis', 'Male', '1935-11-30','Foundation of Research and Technology');

insert into researcher values
(NULL, 'Socratis', 'Sofos', 'Male', '1972-03-04','Hellenic Atomic Energy Committee');

insert into researcher values
(NULL, 'Marina', 'Birbili', 'Female', '1959-06-09','Hellenic Centre for Marine Research');

insert into researcher values
(NULL, 'Charalampos', 'Nikolaou', 'Male', '1984-09-19','Hellenic Pasteur Institute');

insert into researcher values
(NULL, 'Theodoros', 'Aggelopoulos', 'Male', '1935-04-27','Institute of Astrophysics');

insert into researcher values
(NULL, 'Margarita', 'Alexiou', 'Female', '1971-05-17','Hellenic Petroleum');

insert into researcher values
(NULL, 'Maria', 'Kiouraki', 'Female', '1986-01-14','Hellenic Telecommunications Organisation');

insert into researcher values
(NULL, 'Alan', 'Touris', 'Male', '1976-12-11','Industrial Systems Institute');

insert into researcher values
(NULL, 'Platonas', 'Stefanopoulos', 'Other', '2000-10-06','Institute of Electronic Structure and Laser');

insert into researcher values
(NULL, 'Aimilios', 'Lekkas', 'Male', '1994-03-16','Institute of Information Science');

insert into researcher values
(NULL, 'Irida', 'Hristophorou', 'Female', '1984-07-05','Institute of Mediterranean Studies');

insert into researcher values
(NULL, 'Orestis', 'Petropoulos', 'Male', '1985-10-22','Aristotle University of Thessaloniki');

insert into researcher values
(NULL, 'Maria', 'Sourra', 'Other', '1997-06-14','Biomedic Sciences Research Center');

insert into researcher values
(NULL, 'Eleni', 'Papadopoulou', 'Female', '1993-02-20','Center for Dissemination of Research Results');

insert into researcher values
(NULL, 'Chloi', 'Georgiou', 'Female', '1992-08-17','Center For Renewable Energy Sources');

insert into researcher values
(NULL, 'Yianis', 'Barelas', 'Male', '1999-11-08','Chemical Process and Energy Resources Institute');

insert into researcher values
(NULL, 'Petros', 'Limniotis', 'Male', '2000-04-18','Foundation of Research and Technology');

insert into researcher values
(NULL, 'Theodoros', 'Milonas', 'Male', '1977-04-29','Hellenic Atomic Energy Committee');

insert into researcher values
(NULL, 'Dimitrios', 'Stratou', 'Male', '1989-07-21','Hellenic Centre for Marine Research');

insert into researcher values
(NULL, 'Kleonas', 'Platonos', 'Male', '1983-05-24','Hellenic Pasteur Institute');

insert into researcher values
(NULL, 'Georgios', 'Papanikolaou', 'Male', '1962-11-17','Hellenic Petroleum');

insert into researcher values
(NULL, 'Afroditi', 'Mpelou', 'Female', '1977-09-12','Hellenic Telecommunications Organisation');

insert into researcher values
(NULL, 'Melisanthi', 'Karidaki', 'Other', '1995-12-04','Industrial Systems Institute');

insert into researcher values
(NULL, 'Ioanna', 'Panagopoulou', 'Female', '1993-05-15','Institute of Astrophysics');

insert into researcher values
(NULL, 'Paraskevi', 'Riga', 'Female', '1997-10-10','Institute of Electronic Structure and Laser');

insert into researcher values
(NULL, 'Argirios', 'Mitropoulos', 'Male', '1986-02-08','Institute of Historical Research');

insert into researcher values
(NULL, 'Pinelopi', 'Bita', 'Female', '1985-05-02','Institute of Information Science');

insert into researcher values
(NULL, 'Pavlos', 'Spanos', 'Male', '1993-03-24','Institute of Mediterranean Studies');

insert into researcher values
(NULL, 'Kiriaki', 'Kapetaniou', 'Female', '1998-09-16','Hellenic Centre for Marine Research');

insert into researcher values
(NULL, 'Panagiota', 'Alexiou', 'Female', '1975-12-20','National Observatory of Athens');

insert into researcher values
(NULL, 'Persefoni', 'Papazoglou', 'Female', '1993-03-05','University of Patras');

insert into researcher values
(NULL, 'Nikoleta', 'Zerva', 'Female', '1952-07-09','National Centre of Scientific Research "Demokritos"');

insert into researcher values
(NULL, 'Erato', 'Voulgari', 'Female', '1994-02-24','Onassis Foundation');

insert into researcher values
(NULL, 'Sofia', 'Morali', 'Female', '1986-01-03','University of Crete');

insert into researcher values
(NULL, 'Yiannis', 'Tsarouhis', 'Male', '1989-07-20','Institute of Oceanography');

insert into researcher values
(NULL, 'Emmanouil', 'Chadjidakis', 'Male', '1994-06-15','Institute of Nanotechnology');

insert into researcher values
(NULL, 'Thanos', 'Tsoukleidis-Karidakis', 'Male', '2001-12-21','National Technical University of Athens');

insert into researcher values
(NULL, 'Mats', 'Anderson', 'Male', '1980-02-29', 'Institute of Nanotechnology');

insert into researcher values
(NULL, 'Giorgos', 'Mpratani', 'Male', '2001-05-30', 'Watt and Wolt');

insert into researcher values
(NULL, 'Nikos', 'Mpalafas', 'Male', '1965-04-06', 'Institute of Technology and Communications');

insert into researcher values
(NULL, 'Jim', 'Morrison', 'Male', '1943-12-08', 'National Centre of Scientific Research "Demokritos"');

insert into researcher values
(NULL, 'Emma', 'Radu', 'Female', '2002-02-04', 'Institute of Oceanography');

insert into researcher values
(NULL, 'Bob', 'Dylan', 'Male', '1941-05-24', 'Institute of Technology and Communications');

insert into researcher values
(NULL, 'Harry', 'Kane', 'Male', '1993-07-28', 'MISKO');

insert into researcher values
(NULL, 'Ian', 'Curtis', 'Male', '1956-07-15', 'National Center for Research and Technological Development');

insert into researcher values
(NULL, 'Bernie', 'Sanders', 'Male', '1941-09-08', 'National Observatory of Athens');

insert into researcher values
(NULL, 'Ioanna', 'Kapodistria', 'Female', '1987-09-15', 'Onassis Foundation');

insert into researcher values
(NULL, 'Ethan', 'Coen', 'Male', '1957-09-21', 'Patras Science Park');

insert into researcher values
(NULL, 'Jim', 'Jarmusch', 'Male', '1953-01-22', 'University of Athens');

insert into researcher values
(NULL, 'Michalis', 'Salahopoulos', 'Male', '1992-06-15', 'University of Crete');

insert into researcher values
(NULL, 'Aggeliki', 'Hlimintzoura', 'Female', '1996-03-19', 'University of Patras');

insert into researcher values
(NULL, 'Josh', 'Cortez', 'Other', '1984-01-29', 'University of Patras');

insert into researcher values
(NULL, 'Vangelis', 'Papathanasiou', 'Male', '1967-06-23', 'National Infrastructures for Research and Technology');

insert into researcher values
(NULL, 'Alejandro', 'Inarritu', 'Male', '1963-08-15', 'National Observatory of Athens');

insert into researcher values
(NULL, 'Giorgos', 'Lanthimos', 'Male', '1973-09-23', 'Institute of Oceanography');

insert into researcher values
(NULL, 'Ingmar', 'Bergman', 'Male', '1963-03-29', 'University of Athens');

insert into researcher values
(NULL, 'Charlize', 'Theron', 'Female', '1975-08-07', 'MISKO');

insert into researcher values
(NULL, 'Ioannis', 'Ntepis', 'Male', '1963-06-09', 'Onassis Foundation');

insert into researcher values
(NULL, 'Ioannis', 'Mirsaris', 'Male', '1976-04-13', 'Institute of Technology and Communications');

insert into researcher values
(NULL, 'Thanasis', 'Iosifidis', 'Male', '1986-11-18', 'National Technical University of Athens');

insert into researcher values
(NULL, 'Spiros', 'Papanikolaou', 'Male', '1942-04-17', 'National Technical University of Athens');

insert into researcher values
(NULL, 'Ioanna', 'Kopti', 'Female', '1976-02-23', 'Institute of Nanotechnology');

insert into researcher values
(NULL, 'Ioanna', 'Ouranaki', 'Female', '1986-01-01', 'Patras Science Park');

insert into researcher values
(NULL, 'Iosif', 'Vatopoulos', 'Male', '1946-06-05', 'Watt and Wolt');

insert into researcher values
(NULL, 'Georgia', 'Eleftheriou', 'Female', '1998-12-18', 'National Infrastructures for Research and Technology');

insert into researcher values
(NULL, 'Daniel', 'Lewis', 'Male', '1961-10-04', 'National Observatory of Athens');

insert into researcher values
(NULL, 'Emily', 'Dickinson', 'Female', '1987-07-27', 'University of Crete');

insert into researcher values
(NULL, 'Iraklis', 'Poirot', 'Male', '1963-03-30', 'National Centre of Scientific Research "Demokritos"');

insert into researcher values
(NULL, 'Kyriaki', 'Apostolopoulou', 'Female', '1970-06-30', 'Onassis Foundation');

insert into researcher values
(NULL, 'Nancy', 'Pelopoulou', 'Female', '1967-01-24', 'National Center for Research and Technological Development');

insert into researcher values
(NULL, 'Dimitris', 'Roussos', 'Male', '1962-04-14', 'University of Athens');

insert into researcher values
(NULL, 'Dimitra', 'Papageorgiou', 'Female', '1964-12-10', 'National Technical University of Athens');

insert into researcher values
(NULL, 'Michalis', 'Makopoulos', 'Male', '1956-08-17', 'Institute of Technology and Communications');

insert into researcher values
(NULL, 'Salvatore', 'Montalbano', 'Male', '1957-12-11', 'Patras Science Park');

insert into researcher values
(NULL, 'Thalia', 'Nikou', 'Female', '1953-12-27', 'Hellenic Pasteur Institute');

insert into researcher values
(NULL, 'Filippos', 'Sevastakis', 'Male', '2001-01-12', 'National Technical University of Athens');

insert into researcher values
(NULL, 'Dafni', 'Filippou', 'Female', '1987-05-19', 'Hellenic Atomic Energy Committee');

insert into researcher values
(NULL, 'Jane', 'Marple', 'Female', '1957-09-12', 'Institute of Electronic Structure and Laser');

insert into researcher values
(NULL, 'Agatha', 'Christie', 'Female', '1953-11-01', 'Industrial Systems Institute');

insert into researcher values
(NULL, 'Maria', 'Pappa', 'Female', '1989-06-08', 'Hellenic Pasteur Institute');

insert into researcher values
(NULL, 'Jack', 'Nicholson', 'Male', '1974-08-04', 'Institute of Historical Research');

insert into researcher values
(NULL, 'Julia', 'Stavrou', 'Female', '1978-03-02', 'Institute of Information Science');

insert into researcher values
(NULL, 'Thodoris', 'Galanos', 'Male', '1997-11-23', 'Institute of Mediterranean Studies');

insert into researcher values
(NULL, 'Bertrand', 'Russell', 'Male', '1979-10-25', 'Center For Renewable Energy Sources');

insert into researcher values
(NULL, 'Makis', 'Antonopoulos', 'Male', '1989-10-05', 'Chemical Process and Energy Resources Institute');

insert into researcher values
(NULL, 'Amanda', 'Georgiadi', 'Female', '1997-01-09', 'Biomedic Sciences Research Center');

insert into researcher values
(NULL, 'James', 'Joyce', 'Male', '1989-12-04', 'Hellenic Petroleum');

insert into researcher values
(NULL, 'Michalis', 'Karidis', 'Male', '1979-03-06', 'Institute of Mediterranean Studies');

insert into researcher values
(NULL, 'Damianos', 'David', 'Male', '1999-01-08', 'Institute of Astrophysics');

insert into researcher values
(NULL, 'Elena', 'Georgiou', 'Female', '1995-09-10', 'Center for Dissemination of Research Results');

insert into researcher values
(NULL, 'Federico', 'Fazio', 'Male', '1985-06-18', 'Hellenic Centre for Marine Research ');

insert into researcher values
(NULL, 'Alexandra', 'Rotou', 'Female', '1996-06-29', 'Biomedic Sciences Research Center');

insert into researcher values
(NULL, 'Cornelia', 'Ollandou', 'Female', '1992-11-08', 'Center For Renewable Energy Sources');

insert into researcher values
(NULL, 'Dias', 'Olympiou', 'Male', '1982-10-27', 'Aristotle University of Thessaloniki');

insert into researcher values
(NULL, 'Ira', 'Sarri', 'Female', '1986-05-29', 'Institute of Electronic Structure and Laser');

insert into researcher values
(NULL, 'Kleon', 'Lepidis', 'Male', '1976-08-25', 'National Observatory of Athens');

insert into researcher values
(NULL, 'Melina', 'Karmirou', 'Female', '1983-12-08', 'Institute of Oceanography');

insert into researcher values
(NULL, 'Makis', 'Markou', 'Male', '1973-03-02', 'University of Athens');

insert into researcher values
(NULL, 'Ioanna', 'Nikopoulou', 'Female', '1963-06-07', 'Institute of Nanotechnology');

insert into researcher values
(NULL, 'Sotiria', 'Pavlopoulou', 'Female', '1978-02-17', 'Center for Dissemination of Research Results');

insert into researcher values
(NULL, 'Eleni', 'Linou', 'Female', '1982-12-18', 'Chemical Process and Energy Resources Institute');

insert into researcher values
(NULL, 'Nikitas', 'Papadopoulos', 'Other', '1992-04-01', 'Foundation of Research and Technology');

insert into researcher values
(NULL, 'Pavlos', 'Rigas', 'Male', '1993-05-27', 'Hellenic Atomic Energy Committee');

insert into researcher values
(NULL, 'Roxani', 'Douglas', 'Female', '1978-08-24', 'University of Patras');

insert into researcher values
(NULL, 'Filaretos', 'Mousmoulis', 'Male', '1973-09-05', 'Aristotle University of Thessaloniki');

insert into researcher values
(NULL, 'Rihardos', 'Kefalogiannis', 'Male', '1988-11-15', 'MISKO');

insert into researcher values
(NULL, 'Nikolaos', 'Romanos', 'Male', '1996-12-26', 'University of Crete');

insert into researcher values
(NULL, 'Georgia', 'Romanou', 'Female', '1995-06-20', 'Hellenic Telecommunications Organisation');

insert into researcher values
(NULL, 'Pinelopi', 'Papandreou', 'Female', '1968-04-12', 'Industrial Systems Institute');

insert into researcher values
(NULL, 'Theodora', 'Maniati', 'Female', '1977-07-11', 'Institute of Historical Research');

insert into researcher values
(NULL, 'Loukia', 'Foka', 'Female', '1987-08-28', 'Institute of Information Science');

insert into researcher values
(NULL, 'Kassiani', 'Xristou', 'Female', '1985-12-01', 'Institute of Oceanography');

insert into researcher values
(NULL, 'Yiannis', 'Bagasas', 'Male', '1963-03-02', 'Hellenic Petroleum');

insert into researcher values
(NULL, 'Paraskevi', 'Kyriakou', 'Female', '1966-04-13', 'National Infrastructures for Research and Technology');

insert into researcher values
(NULL, 'Athanasios', 'Mastoras', 'Male', '1970-07-19', 'Patras Science Park');

insert into researcher values
(NULL, 'Sotiris', 'Spiropoulos', 'Male', '1962-08-02', 'Watt and Wolt');

--
-- inserting scientific fields
--


insert into scientific_field values
('Computer and information sciences');

insert into scientific_field values
('Physical sciences and Mathematics');

insert into scientific_field values
('Chemical sciences');

insert into scientific_field values
('Earth and related Environmental sciences');

insert into scientific_field values
('Biological science');

insert into scientific_field values
('Civil engineering');

insert into scientific_field values
('Electrical engineering, Electronic engineering, Information engineering');

insert into scientific_field values
('Mechanical engineering');

insert into scientific_field values
('Chemical engineering');

insert into scientific_field values
('Materials engineering');

insert into scientific_field values
('Medical engineering');

insert into scientific_field values
('Environmental engineering');

insert into scientific_field values
('Environmental biotechnology');

insert into scientific_field values
('Industrial biotechnology');

insert into scientific_field values
('Nano-technology');

insert into scientific_field values
('Basic medicine');

insert into scientific_field values
('Clinical medicine');

insert into scientific_field values
('Health Sciences');

insert into scientific_field values
('Medical biotechnology');

insert into scientific_field values
('Agriculture, Forestry, and Fisheries');

insert into scientific_field values
('Animal and Dairy science');

insert into scientific_field values
('Veterinary science');

insert into scientific_field values
('Agricultural biotechnology');

insert into scientific_field values
('Psychology');

insert into scientific_field values
('Economies and Business');

insert into scientific_field values
('Educational sciences');

insert into scientific_field values
('Sociology');

insert into scientific_field values
('Law');

insert into scientific_field values
('Political science');

insert into scientific_field values
('Social and economic geography');

insert into scientific_field values
('Media and communications');

insert into scientific_field values
('History and Archaeology');

insert into scientific_field values
('Languages and Literature');

insert into scientific_field values
('Philosophy, Ethics and Religion');

insert into scientific_field values
('Arts');


--
-- inserting executives
--

insert into executive values 
(NULL, 'Dimitrios', 'Drousis');

insert into executive values 
(NULL, 'Konstantinos', 'Voulgaris');

insert into executive values 
(NULL, 'Petros', 'Dimas');

insert into executive values 
(NULL, 'Fokion', 'Karxaridis');

insert into executive values 
(NULL, 'Apostolis', 'Narkissos');

insert into executive values 
(NULL, 'Teukros', 'Vouros');

insert into executive values 
(NULL, 'Prokopis', 'Kalogirou');

insert into executive values 
(NULL, 'Marina', 'Antoniou');

insert into executive values 
(NULL, 'Kiriaki', 'Panou');

insert into executive values 
(NULL, 'Abdul', 'Jamal');

insert into executive values 
(NULL, 'Panagiotis', 'Kypraios');

insert into executive values 
(NULL, 'Georgios', 'Andreadis');

insert into executive values
(NULL, 'Konstantinos', 'Vasilopoulos');

insert into executive values
(NULL, 'Konstantina', 'Kitsou');

insert into executive values
(NULL, 'Petros', 'Rontopoulos');

insert into executive values
(NULL, 'Thanasis', 'Maras');

insert into executive values
(NULL, 'Giannis', 'Kyriakou');

insert into executive values
(NULL, 'Edgar', 'Poe');

insert into executive values
(NULL, 'Kostas', 'Sifis');

insert into executive values
(NULL, 'Dimitris', 'Kalamarakis');

insert into executive values
(NULL, 'Aristofanis', 'Perikleous');

insert into executive values
(NULL, 'Elena', 'Thoma');

insert into executive values
(NULL, 'Tiverios', 'Avriliou');

insert into executive values
(NULL, 'Jerry', 'Thomson');

insert into executive values
(NULL, 'Tyrone', 'Hernandez');

insert into executive values
(NULL, 'Scarlett', 'Johansson');

insert into executive values
(NULL, 'Blanca', 'Silva');

insert into executive values
(NULL, 'Thomas', 'Sigurdsson');

insert into executive values
(NULL, 'Victoria', 'De Angelis');

insert into executive values
(NULL, 'Lucas', 'Coen');

insert into executive values
(NULL, 'Stefanos', 'Sakkaris');

insert into executive values
(NULL, 'Andreas', 'Panagiotidis');

insert into executive values
(NULL, 'Athanasios', 'Amigdalakis');

insert into executive values
(NULL, 'Dimitrios', 'Neonikolis');

insert into executive values
(NULL, 'Periklis', 'Oligarxou');

insert into executive values
(NULL, 'Emmanouil', 'Poularas');

insert into executive values
(NULL, 'Lazaros', 'Dafnopoulos');

insert into executive values
(NULL, 'Themistoklis', 'Sotiriou');

insert into executive values
(NULL, 'Ahmed', 'Abadi');

insert into executive values
(NULL, 'Ioannis', 'Zavos');

insert into executive values
(NULL, 'Nikolaus', 'Schwarz');

insert into executive values
(NULL, 'Maria', 'Garcia');

insert into executive values
(NULL, 'Filippos', 'Apostolou');






--
--  insert into program
--

insert into program values
(NULL, 'Agriculture and Rural Development', 'Environment');

insert into program values
(NULL, 'Climate Action and Environment', 'Environment');

insert into program values
(NULL, 'Innovation in energy', 'Sciences');

insert into program values
(NULL, 'Skill development', 'Education');

insert into program values
(NULL, 'Industrial training', 'Education');

insert into program values
(NULL, 'Technology in education and work', 'Education');

insert into program values
(NULL, 'Environmentaly friendly transportation', 'Transport');

insert into program values
(NULL, 'Road infrastructure and decrease of traffic', 'Transport');

insert into program values
(NULL, 'Sport in everyday life', 'Health');

insert into program values
(NULL, 'Archeology and Museums', 'Culture');

insert into program values
(NULL, 'Youth and work opportunities', 'Education');

insert into program values
(NULL, 'Communications Networks', 'Sciences');

insert into program values
(NULL, 'Innovation in Hardware', 'Sciences');

insert into program values
(NULL, 'Programming and AI', 'Sciences');

insert into program values
(NULL, 'Software skills in the workplace', 'Education');

insert into program values
(NULL, 'Theoretical Mathematics', 'Sciences');

insert into program values
(NULL, 'Theoretical Physics', 'Sciences');

insert into program values
(NULL, 'Green city', 'Environment');

insert into program values
(NULL, 'Innovation and Small and Medium-sized Enterprises', 'Economics');

insert into program values
(NULL, 'Disaster Risk Management', 'Govermental Management');

insert into program values
(NULL, 'Space science', 'Sciences');

insert into program values
(NULL, 'Business fair-play', 'Economics');

insert into program values
(NULL, 'Database Development', 'Sciences');

insert into program values
(NULL, 'Cyber Security', 'Sciences');

insert into program values
(NULL, 'Radioactive Waste Disposal', 'Environment');

insert into program values
(NULL, 'Organic Farming', 'Environment');

insert into program values
(NULL, 'Rehabilitation of criminals', 'Governmental Management');

insert into program values
(NULL, 'Social Imbalance in the Workplace', 'Social');

insert into program values
(NULL, 'Alcohol, Tobacco consumption', 'Health');

insert into program values
(NULL, 'Modern Music And Dance', 'Arts');

insert into program values
(NULL, 'Genetically Modified Organisms', 'Health');




--
-- inserting evaluation
--

insert into evaluation values
(NULL, 7, '2021-09-12',72);

insert into evaluation values
(NULL, 29, '2020-03-23',62);

insert into evaluation values
(NULL, 102, '2022-01-15',84);

insert into evaluation values
(NULL, 69, '2021-12-01',71);

insert into evaluation values
(NULL, 29, '2022-04-10',64);

insert into evaluation values
(NULL, 42, '2021-06-03',59);

insert into evaluation values
(NULL, 53, '2022-03-13',90);

insert into evaluation values
(NULL, 7, '2021-11-19',45);

insert into evaluation values
(NULL, 23, '2020-10-02',67);

insert into evaluation values
(NULL, 72, '2021-12-02',75);

insert into evaluation values
(NULL, 72, '2021-12-03',68);

insert into evaluation values
(NULL, 48, '2020-06-28',59);

insert into evaluation values
(NULL, 81, '2021-02-06',39);

insert into evaluation values
(NULL, 102, '2022-01-16',53);

insert into evaluation values
(NULL, 97, '2021-05-09',64);

insert into evaluation values
(NULL, 33, '2021-04-14',87);

insert into evaluation values
(NULL, 65, '2022-03-04',70);

insert into evaluation values
(NULL, 1, '2020-09-14',63);

insert into evaluation values
(NULL, 4, '2021-02-08',80);

insert into evaluation values
(NULL, 13, '2021-12-13',77);

insert into evaluation values
(NULL, 58, '2020-12-03',67);

insert into evaluation values
(NULL, 67, '2020-05-17',62);

insert into evaluation values
(NULL, 55, '2020-06-07',78);

insert into evaluation values
(NULL, 90, '2021-03-10',84);

insert into evaluation values
(NULL, 104, '2022-02-05',58);

insert into evaluation values
(NULL, 50, '2020-08-25',76);

insert into evaluation values
(NULL, 17, '2020-08-25',89);

insert into evaluation values
(NULL, 19, '2020-10-31', 84);

insert into evaluation values
(NULL, 89, '2022-05-26', 84);

insert into evaluation values
(NULL, 101, '2021-09-27', 97);

insert into evaluation values
(NULL, 65, '2021-12-21', 97);

insert into evaluation values
(NULL, 43, '2019-03-03', 98);

insert into evaluation values
(NULL, 17, '2020-01-13', 77);

insert into evaluation values
(NULL, 64, '2021-10-22', 90);

insert into evaluation values
(NULL, 46, '2020-05-12', 86);

insert into evaluation values
(NULL, 45, '2021-11-18', 92);

insert into evaluation values
(NULL, 77, '2022-01-30', 83);

insert into evaluation values
(NULL, 69, '2021-04-21', 69);

insert into evaluation values
(NULL, 105, '2021-07-08', 94);

insert into evaluation values
(NULL, 83, '2022-03-15', 89);

insert into evaluation values
(NULL, 101, '2020-10-21', 92);

insert into evaluation values
(NULL, 45, '2021-02-15', 76);

insert into evaluation values
(NULL, 32, '2020-10-06', 100);

insert into evaluation values
(NULL, 29, '2021-01-29', 99);

insert into evaluation values
(NULL, 99, '2020-03-24', 59);

insert into evaluation values
(NULL, 98, '2022-05-12', 92);

insert into evaluation values
(NULL, 67, '2021-09-27', 56);

insert into evaluation values
(NULL, 59, '2022-06-01', 92);

insert into evaluation values
(NULL, 1, '2021-03-13', 45);

insert into evaluation values
(NULL, 3, '2021-12-11', 100);

insert into evaluation values
(NULL, 9, '2021-12-21', 99);

insert into evaluation values
(NULL, 7, '2021-04-15', 95);

insert into evaluation values
(NULL, 101, '2021-09-27', 97);

insert into evaluation values
(NULL, 34, '2022-02-24', 67);

insert into evaluation values
(NULL, 31, '2019-11-16', 50);




--
--  insert into project 
-- 


insert into project values
(NULL, 'Aristotle University of Thessaloniki','Impact of Remote Work in Efficiency',
'Difficulties workers face while working from home', 260000,'2019-09-12','2023-12-20',1, 1, 6);

insert into project values
(NULL, 'National Technical University of Athens','Robotics in Surgeries',
'Ways to use robots in order to perform difiicult surgeries', 290000,'2019-10-12','2023-12-20' ,2, 16, 14);

insert into project values
(NULL, 'Center for Dissemination of Research Results','New Ways of Producing Energy',
'Innovations of producing energy in 21st century', 320000,'2019-11-17','2021-12-12' ,3, 12, 3);

insert into project values
(NULL, 'Center For Renewable Energy Sources','Producing Energy using Renewable Energy Sources',
'Advantages of using Renewable Energy Sources', 410500,'2019-01-01','2024-01-01' ,4, 41, 3);

insert into project values
(NULL, 'Chemical Process and Energy Resources Institute','Organic Farming',
'Advantages of Organic Farming', 180900,'2019-01-10','2022-01-01' ,5, 4,26);

insert into project values
(NULL, 'Foundation of Research and Technology','Necessary software skills for job',
'A guide about which software skills are needed in workplace', 620100,'2019-01-10','2023-05-13' ,6, 34,15);

insert into project values
(NULL, 'Hellenic Atomic Energy Committee','Generation of electricity from atomic energy',
'How to produce electricity using atomic energy. Advantages and Dangers.'
, 300000,'2019-02-20','2023-05-15' ,7, 10,3);

insert into project values
(NULL, 'University of Patras','Alcohol, Tobacco consumption',
'Alcohol and tobacco cosumption from young people. An extended analysis of a very interesting research.'
, 470000,'2018-12-20','2023-01-01' ,8, 22,29);

insert into project values
(NULL, 'Institute of Nanotechnology','From Theory To Practice',
'How to make your knowledge useful and up to date into an industrial workplace'
, 412000,'2019-01-10','2021-12-01' ,9, 40,5);

insert into project values
(NULL, 'University of Athens','Evolution Of Physics through ages',
'A Research on the evolution of Theoretical Physics and the critical historical results that changed the world'
, 130000,'2019-01-01','2023-01-02' ,10, 23,17);

insert into project values
(NULL, 'Aristotle University of Thessaloniki','Evolution Of Mathematics through ages',
'A Research on the evolution of Theoretical Mathematics and the critical historical results that changed the world'
, 12000,'2019-06-01','2023-01-20' ,11,13,16);

insert into project values
(NULL, 'University of Athens','The renewal of obsolete penitentiary methods',
'The Sociological point of view of the punish'
, 300200,'2019-04-27','2021-10-01',12,6,27);

insert into project values
(NULL, 'MISKO','The Secret is Thinking Innovatively',
'How the idea of packing spaghetti brought a new era'
, 350000,'2019-10-01','2022-03-01',13,43,19);

insert into project values
(NULL, 'University of Crete','Analysis of Vector Subspaces',
'How a Vector Subspace is able to make you have nightmares'
, 450000,'2019-12-25','2023-06-10',14,17,16);

insert into project values
(NULL, 'Hellenic Telecommunications Organisation','Radiowaves and their impact on the environment',
'A thorough study of the impact of radiowaves on the environment', 300000,'2019-12-11','2021-12-11', 15, 5, 2);

insert into project values
(NULL, 'Industrial Systems Institute', 'Batteries for photovoltaic systems',
'New technologies in storing solar power', 1000000,'2019-05-12','2020-12-25', 16, 19, 3); 

insert into project values
(NULL, 'Institute of Astrophysics', 'Life in planet Mars',
'Is there already life in Mars? Time to find out', 800000,'2019-08-15','2023-04-01', 17, 40, 21); 

insert into project values
(NULL, 'Institute of Electronic Structure and Laser', 'Developments in transistor technology',
'Verifying the law of Moore by viewing historical examples', 400000,'2019-02-05','2021-06-01', 18, 29, 13); 

insert into project values
(NULL, 'Institute of Historical Research', 'Importance of the Roman judicial system',
'A well-thought analysis of the impacts of the Roman justice system on modern law', 100500,'2019-12-02','2022-01-01', 19, 3, 10); 

insert into project values
(NULL, 'Institute of Information Science', 'Differences between functional and logical programming',
'An in-depth comparison of ML and Prolog', 300000,'2019-03-12','2021-11-15', 20, 5, 14); 

insert into project values
(NULL, 'Institute of Mediterranean Studies', 'The Balkan Wars and global diplomacy',
'How diplomacy played a part during the Balkan Wars', 200000,'2019-08-21','2023-01-02', 21, 13, 10); 

insert into project values
(NULL, 'Institute of Nanotechnology', 'Nanoelectronic developments and chip production',
'Modern techniques of chip manufacturing', 600000,'2019-03-06','2023-01-22', 22, 17, 13); 

insert into project values
(NULL, 'Institute of Oceanography', 'Threats to marine life due to radioactivity',
'Impacts of radioactive waste on marine wildlife', 400000,'2019-08-16','2023-05-14', 23, 34, 25); 

insert into project values
(NULL, 'Institute of Technology and Communications', 'Network connections for a bioclimatic house',
'Designing a bioclimatic house', 900000,'2019-10-26','2023-03-21', 24, 31, 18); 

insert into project values
(NULL, 'Hellenic Pasteur Institute', 'Viability of GMOs',
'Testing GMOs to see if they can be used in a large scale', 500000,'2019-04-02','2022-04-01', 25, 28, 1); 

insert into project values
(NULL, 'University of Athens', 'A framework for corporation competition',
'Ways to correctly regulate business competition', 300000,'2019-07-14','2023-12-21', 26, 41, 22); 

insert into project values
(NULL, 'University of Patras', 'Report on criminal psychology',
'In-depth analysis of criminal psychology', 400000,'2019-02-16','2023-09-04', 27, 4, 27); 

insert into project values
(NULL, 'Hellenic Petroleum', 'Modern methods of oil mining',
'Modern machinery useful in oil mining and processing', 600000,'2019-04-19','2020-12-10', 28, 27, 5); 

insert into project values
(NULL, 'Hellenic Centre for Marine Research', 'Raising awareness for volunteer projects',
'How to attract young people to volunteer for sea-protection causes', 200000,'2019-08-23','2023-07-03', 29, 7, 11); 

insert into project values
(NULL, 'Center for Dissemination of Research Results', 'Popularity of modern genres of music',
'Reviewing the developments in music and its popularity', 200500,'2019-10-26','2023-07-12', 30, 16, 30);

insert into project values
(NULL, 'National Centre of Scientific Research "Demokritos"', 'New forms of bio-energy in agriculture',
'Energy sparing during agriculture', 300500,'2019-04-21','2023-11-29', 31, 15, 1); 

insert into project values
(NULL, 'University of Crete', 'Further IT education of workers',
'Re-educating workers to adapt to the new technology-based working environment', 100500,'2019-07-22','2021-07-22', 32, 17, 15); 

insert into project values
(NULL, 'Institute of Historical Research', 'Researching the political developments of the 20th century',
'Analysing 20th century defining political moments', 300000,'2019-10-14','2023-12-11', 33, 22, 10); 

insert into project values
(NULL, 'MISKO', 'New ways to process organic food',
'Cleaner, more effective ways to manufacture organic food products', 500000,'2019-04-17','2023-04-17', 34, 5, 26);

insert into project values
(NULL, 'National Technical University of Athens', 'Decision-making',
'Mathematically-based methods of decision-making', 600000,'2019-02-19','2023-01-01', 35, 40, 20);

insert into project values
(NULL, 'Onassis Foundation', '21st century developments in classical music',
'A documentation of the 21st century developments in classical music', 200500,'2019-05-23','2023-10-16', 36, 4, 30);

insert into project values
(NULL, 'Aristotle University of Thessaloniki', 'Impact of post-punk music in modern philosophical thought',
'How popular music from the 80s influenced modern philosophical thinking', 400500,'2019-12-09','2023-09-01', 37, 10, 30);  

insert into project values
(NULL, 'Institute of Information Science', 'New technologies to implement FireWalls',
'Breakthroughs in FireWall technologies', 600500,'2019-02-12','2023-03-03', 38, 12, 24); 

insert into project values
(NULL, 'National Technical University of Athens', 'Microprocessor 8085 in depth',
'Report on the 8085 Microprocessor', 300500,'2019-05-17','2023-11-09', 39, 35, 13); 

insert into project values
(NULL, 'Patras Science Park', 'Planets, comets and meteors',
'All kinds of space objects', 800500,'2019-03-19','2023-09-09', 40, 2, 17); 

insert into project values
(NULL, 'National Infrastructures for Research and Technology', 'Technological aid to small businesses',
'Helping small businesses develop their own database systems', 500500,'2019-02-28','2023-01-09', 41, 37, 19); 

insert into project values
(NULL, 'University of Athens', 'Wages equality in Greece',
'Researching wages equality in Greece', 400500,'2019-02-22','2023-01-09', 42, 8, 28); 

insert into project values
(NULL, 'MISKO','Accessible data regarding food consumption of the city of Athens',
'Make the public and politicians aware of the (enormous) quantities of food that a city like Athens needs to feed its population, and to stimulate discussion about local urban food production and whether this is a realistic scenario', 118000,'2019-11-24','2023-01-12', 43, 43, 23);

insert into project values
(NULL, 'National Center for Research and Technological Development','Compression Technology and Applications in VoIP Technology',
'Research in innovative technologies and applications in Voice over IP & Video over IP technology', 548000,'2019-07-22','2024-06-22', 44, 42, 12);

insert into project values
(NULL, 'National Centre of Scientific Research "Demokritos"','Design and Implementation of a Geriatric Care System',
'A home care system for the elderly is designed to solve the problems that were urgently needed under the serious aging situation. In the system, the radio-frequency identification (RFID) technology, sensor technology and communication technology are comprehensively used.', 658000,'2019-08-25','2025-07-05', 45, 41, 14);

insert into project values
(NULL, 'National Infrastructures for Research and Technology','Strategic Roads Infrastructure Project',
'The objective of the Strategic Roads Infrastructure Project for Greece is to improve economic competitiveness by reducing traffic congestion on key economic corridors', 777000,'2018-11-12','2025-11-12', 46, 40, 8);

insert into project values
(NULL, 'National Observatory of Athens','Star radio emissions',
'All stars emit radio waves. The study of stellar radio emission provides unique insights into the lives of stars that cannot be obtained by observations at other wavelengths.', 247000,'2019-07-07','2024-12-07', 47, 39, 21);

insert into project values
(NULL, 'National Technical University of Athens','Innovative High-Speed Non-Volatile Optical Memory',
'Research on High-Speed Non-Volatile Optical Memory', 690000,'2019-05-05','2023-12-08', 48, 38, 13);

insert into project values
(NULL, 'Onassis Foundation','Risk factors for sport injuries in youth floorball players',
'Understanding relations between different risk factors and sport injury and develop interventions to reduce that risk is important to improve long-term sport participation.', 100001,'2019-07-05','2022-12-08', 49, 37, 9);

insert into project values
(NULL, 'Patras Science Park','Greeces Next Top Clean Energy',
'Strengthening Clean Energy Policy to Decarbonise Greeces electricity System', 575000,'2019-02-02','2024-02-02', 50, 36, 3);

insert into project values
(NULL, 'University of Athens','Automated Microseismic Event Detection with Machine Learning',
'Detection of Microseismic Event with the use of Machine Learning Technologies', 852000,'2019-01-05','2024-01-05', 51, 35, 20);

insert into project values
(NULL, 'University of Crete','Urban Growth Modelling: A Case Study in a Developing World Context',
'Urban modelling with cellular automata (CA) has been the most prominent approach in urban modelling.', 612000,'2019-10-03','2024-10-10', 52, 34, 18);

insert into project values
(NULL, 'University of Patras','Human-Centered AI for Health, Autonomy and Wellbeing',
'The project aims to develop tools and methods to support participatory data-driven design for health', 920000,'2019-12-03','2025-12-03', 53, 33, 14);

insert into project values
(NULL, 'Watt and Wolt','Design of Solar Tracking System for Smart Solar Energy Systems.',
'How to take advantage of Solar Tracking System Technologies to create Smart Solar Energy Systems.', 812000,'2019-05-04','2024-05-04', 54, 32, 3);

insert into project values
(NULL, 'National Technical University of Athens','ATM optical and Facial Recognition Security System',
'Design and Implementation of ATM optical and Facial Recognition Security System', 411000,'2019-07-15','2024-08-22', 55, 31, 24);






--
-- insert into concerns
--

insert into concerns values
(1, 'Educational sciences');

insert into concerns values
(2, 'Electrical engineering, Electronic engineering, Information engineering');

insert into concerns values
(2, 'Medical biotechnology');

insert into concerns values
(2, 'Medical engineering');

insert into concerns values
(3, 'Earth and related Environmental sciences');

insert into concerns values
(3, 'Chemical engineering');

insert into concerns values
(3, 'Electrical engineering, Electronic engineering, Information engineering');

insert into concerns values
(4, 'Earth and related Environmental sciences');

insert into concerns values
(4, 'Chemical engineering');

insert into concerns values
(4, 'Electrical engineering, Electronic engineering, Information engineering');

insert into concerns values
(5, 'Agricultural biotechnology');

insert into concerns values
(5, 'Agriculture, Forestry, and Fisheries');

insert into concerns values
(5, 'Animal and Dairy science');

insert into concerns values
(6, 'Educational sciences');

insert into concerns values
(7, 'Chemical engineering');

insert into concerns values
(7, 'Earth and related Environmental sciences');

insert into concerns values
(7, 'Environmental engineering');

insert into concerns values
(8, 'Sociology');

insert into concerns values
(8, 'Health Sciences');

insert into concerns values
(9, 'Educational sciences');

insert into concerns values
(9, 'Economies and Business');

insert into concerns values
(10, 'Physical sciences and Mathematics');

insert into concerns values
(11, 'Physical sciences and Mathematics');

insert into concerns values
(12, 'Philosophy, Ethics and Religion');

insert into concerns values
(12, 'Political science');

insert into concerns values
(13, 'Economies and Business');

insert into concerns values
(14, 'Physical sciences and Mathematics');

insert into concerns values
(15, 'Physical sciences and Mathematics');

insert into concerns values
(15, 'Health Sciences');

insert into concerns values
(15, 'Earth and related Environmental sciences');

insert into concerns values
(16, 'Electrical engineering, Electronic engineering, Information engineering');

insert into concerns values
(16, 'Nano-technology');

insert into concerns values
(16, 'Chemical engineering');

insert into concerns values
(16, 'Materials engineering');

insert into concerns values
(16, 'Mechanical engineering');

insert into concerns values
(17, 'Physical sciences and Mathematics');

insert into concerns values
(18, 'Electrical engineering, Electronic engineering, Information engineering');

insert into concerns values
(19, 'History and Archaeology');

insert into concerns values
(19, 'Law');

insert into concerns values
(20, 'Electrical engineering, Electronic engineering, Information engineering');

insert into concerns values
(20, 'Computer and information sciences');

insert into concerns values
(21, 'History and Archaeology');

insert into concerns values
(21, 'Political science');

insert into concerns values
(22, 'Electrical engineering, Electronic engineering, Information engineering');

insert into concerns values
(22, 'Materials engineering');

insert into concerns values
(23, 'Health Sciences');

insert into concerns values
(23, 'Earth and related Environmental sciences');

insert into concerns values
(24, 'Electrical engineering, Electronic engineering, Information engineering');

insert into concerns values
(24, 'Computer and information sciences');

insert into concerns values
(25, 'Agricultural biotechnology');

insert into concerns values
(26, 'Economies and Business');

insert into concerns values
(27, 'Psychology');

insert into concerns values
(27, 'Sociology');

insert into concerns values
(28, 'Environmental engineering');

insert into concerns values
(28, 'Chemical engineering');

insert into concerns values
(29, 'Media and communications');

insert into concerns values
(30, 'Arts');

insert into concerns values
(31, 'Agricultural biotechnology');

insert into concerns values
(31, 'Earth and related Environmental sciences');

insert into concerns values
(32, 'Educational sciences');

insert into concerns values
(33, 'Political science');

insert into concerns values
(33, 'History and Archaeology');

insert into concerns values
(34, 'Agricultural biotechnology');

insert into concerns values
(34, 'Chemical engineering');

insert into concerns values
(34, 'Earth and related Environmental sciences');

insert into concerns values
(35, 'Economies and Business');

insert into concerns values
(36, 'Arts');

insert into concerns values
(36, 'History and Archaeology');

insert into concerns values
(37, 'Arts');

insert into concerns values
(37, 'Philosophy, Ethics and Religion');

insert into concerns values
(38, 'Computer and information sciences');

insert into concerns values
(38, 'Electrical engineering, Electronic engineering, Information engineering');

insert into concerns values
(39, 'Electrical engineering, Electronic engineering, Information engineering');

insert into concerns values
(39, 'Materials engineering');

insert into concerns values
(40, 'Physical sciences and Mathematics');

insert into concerns values
(41, 'Economies and Business');

insert into concerns values
(42, 'Social and economic geography');

insert into concerns values
(43, 'Computer and information sciences');

insert into concerns values
(43, 'Health Sciences');

insert into concerns values
(44, 'Electrical engineering, Electronic engineering, Information engineering');

insert into concerns values
(44, 'Computer and information sciences');

insert into concerns values
(45, 'Clinical medicine');

insert into concerns values
(45, 'Basic medicine');

insert into concerns values
(45, 'Health Sciences');

insert into concerns values
(45, 'Computer and information sciences');

insert into concerns values
(45, 'Medical engineering');

insert into concerns values
(46, 'Industrial biotechnology');

insert into concerns values
(46, 'Civil engineering');

insert into concerns values
(47, 'Physical sciences and Mathematics');

insert into concerns values
(48, 'Electrical engineering, Electronic engineering, Information engineering');

insert into concerns values
(48, 'Materials engineering');

insert into concerns values
(49, 'Health Sciences');

insert into concerns values
(49, 'Basic medicine');

insert into concerns values
(50, 'Earth and related Environmental sciences');

insert into concerns values
(50, 'Environmental biotechnology');

insert into concerns values
(50, 'Chemical engineering');

insert into concerns values
(51, 'Physical sciences and Mathematics');

insert into concerns values
(51, 'Electrical engineering, Electronic engineering, Information engineering');

insert into concerns values
(51, 'Earth and related Environmental sciences');

insert into concerns values
(52, 'Social and economic geography');

insert into concerns values
(52, 'Economies and Business');

insert into concerns values
(53, 'Health Sciences');

insert into concerns values
(53, 'Electrical engineering, Electronic engineering, Information engineering');

insert into concerns values
(53, 'Medical biotechnology');

insert into concerns values
(54, 'Environmental engineering');

insert into concerns values
(54, 'Electrical engineering, Electronic engineering, Information engineering');

insert into concerns values
(55, 'Electrical engineering, Electronic engineering, Information engineering');

insert into concerns values
(55, 'Computer and information sciences');



--
-- insert into works_on
--

insert into works_on values
(NULL,1, 2);

insert into works_on values
(NULL,1, 20);

insert into works_on values
(NULL,2, 45);

insert into works_on values
(NULL,2, 1);

insert into works_on values
(NULL,2, 84);

insert into works_on values
(NULL,3, 98);

insert into works_on values
(NULL,3, 22);

insert into works_on values
(NULL,3, 6);

insert into works_on values
(NULL,4, 7);

insert into works_on values
(NULL,4, 23);

insert into works_on values
(NULL,5, 93);

insert into works_on values
(NULL,5, 24);

insert into works_on values
(NULL,5, 8);

insert into works_on values
(NULL,6, 9);

insert into works_on values
(NULL,6, 25);

insert into works_on values
(NULL,7, 10);

insert into works_on values
(NULL,7, 26);

insert into works_on values
(NULL,7, 85);

insert into works_on values
(NULL,8, 59);

insert into works_on values
(NULL,8, 60);

insert into works_on values
(NULL,9, 46);

insert into works_on values
(NULL,9, 107);

insert into works_on values
(NULL,10, 57);

insert into works_on values
(NULL,10, 64);

insert into works_on values
(NULL,11, 2);

insert into works_on values
(NULL,11, 20);

insert into works_on values
(NULL,11, 102);

insert into works_on values
(NULL,12, 57);

insert into works_on values
(NULL,12, 79);

insert into works_on values
(NULL,13, 52);

insert into works_on values
(NULL,13, 65);

insert into works_on values
(NULL,14, 42);

insert into works_on values
(NULL,14, 58);

insert into works_on values
(NULL,14, 75);

insert into works_on values
(NULL,15, 15);

insert into works_on values
(NULL,15, 30);

insert into works_on values
(NULL,16, 31);

insert into works_on values
(NULL,16, 16);

insert into works_on values
(NULL,16, 87);

insert into works_on values
(NULL,17, 13);

insert into works_on values
(NULL,17, 97);

insert into works_on values
(NULL,18, 86);

insert into works_on values
(NULL,18, 17);

insert into works_on values
(NULL,19, 3);

insert into works_on values
(NULL,19, 89);

insert into works_on values
(NULL,20, 35);

insert into works_on values
(NULL,20, 90);

insert into works_on values
(NULL,21, 19);

insert into works_on values
(NULL,21, 91);

insert into works_on values
(NULL,22, 70);

insert into works_on values
(NULL,22, 44);

insert into works_on values
(NULL,23, 105);

insert into works_on values
(NULL,23, 50);

insert into works_on values
(NULL,23, 43);

insert into works_on values
(NULL,24, 51);

insert into works_on values
(NULL,25, 28);

insert into works_on values
(NULL,27, 59);

insert into works_on values
(NULL,28, 29);

insert into works_on values
(NULL,29, 11);

insert into works_on values
(NULL,30, 6);

insert into works_on values
(NULL,33, 3);

insert into works_on values
(NULL,34, 65);

insert into works_on values
(NULL,35, 1);

insert into works_on values
(NULL,36, 66);

insert into works_on values
(NULL,38, 18);

insert into works_on values
(NULL,39, 84);

insert into works_on values
(NULL,40, 82);

insert into works_on values
(NULL,41, 61);

insert into works_on values
(NULL,42, 57);

insert into works_on values
(NULL,43, 52);

insert into works_on values
(NULL,44, 53);

insert into works_on values
(NULL,45, 76);

insert into works_on values
(NULL,47, 62);

insert into works_on values
(NULL,48, 45);

insert into works_on values
(NULL,49, 55);

insert into works_on values
(NULL,50, 56);

insert into works_on values
(NULL,51, 79);

insert into works_on values
(NULL,53, 59);

insert into works_on values
(NULL,54, 47);

insert into works_on values
(NULL,55, 1);

insert into works_on values
(NULL,24, 67);

insert into works_on values
(NULL,46, 73);

insert into works_on values
(NULL,29, 99);

insert into works_on values
(NULL,25, 83);

insert into works_on values
(NULL,42, 64);

insert into works_on values
(NULL,32, 75);

insert into works_on values
(NULL,34, 52);

insert into works_on values
(NULL,28, 95);

insert into works_on values
(NULL,47, 74);

insert into works_on values
(NULL,54, 72);

insert into works_on values
(NULL,37, 20);

insert into works_on values
(NULL, 30, 22);
insert into works_on values
(NULL, 36, 77);
insert into works_on values
(NULL, 36, 41);
insert into works_on values
(NULL, 47, 54);
insert into works_on values
(NULL, 38, 35);
insert into works_on values
(NULL, 40, 56);
insert into works_on values
(NULL, 55, 84);
insert into works_on values
(NULL, 39, 45);
insert into works_on values
(NULL, 23, 63);
insert into works_on values
(NULL, 31, 49);
insert into works_on values
(NULL, 41, 73);
insert into works_on values
(NULL, 50, 71);
insert into works_on values
(NULL, 52, 58);
insert into works_on values
(NULL, 26, 106);
insert into works_on values
(NULL, 39, 1);
insert into works_on values
(NULL, 45, 40);
insert into works_on values
(NULL, 52, 42);
insert into works_on values
(NULL, 33, 34);
insert into works_on values
(NULL, 46, 61);
insert into works_on values
(NULL, 50, 82);
insert into works_on values
(NULL, 27, 39);
insert into works_on values
(NULL, 28, 14);
insert into works_on values
(NULL, 4, 101);
insert into works_on values
(NULL, 8, 39);
insert into works_on values
(NULL, 10, 79);
insert into works_on values
(NULL, 12, 106);
insert into works_on values
(NULL, 18, 103);
insert into works_on values
(NULL, 19, 34);
insert into works_on values
(NULL, 20, 18);
insert into works_on values
(NULL, 21, 36);
insert into works_on values
(NULL, 22, 46);
insert into works_on values
(NULL, 24, 81);
insert into works_on values
(NULL, 25, 4);
insert into works_on values
(NULL, 26, 64);
insert into works_on values
(NULL, 29, 37);
insert into works_on values
(NULL, 33, 89);
insert into works_on values
(NULL, 35, 45);
insert into works_on values
(NULL, 37, 102);
insert into works_on values
(NULL, 48, 84);





--
-- insert into administrates
--

insert into administrates values
(1, 102);

insert into administrates values
(2, 68);

insert into administrates values
(3, 108);

insert into administrates values
(4, 92);

insert into administrates values
(5, 109);

insert into administrates values
(6, 110);

insert into administrates values
(7, 111);

insert into administrates values
(8, 112);

insert into administrates values
(9, 70);

insert into administrates values
(10, 106);

insert into administrates values
(11, 113);

insert into administrates values
(12, 64);

insert into administrates values
(13, 114);

insert into administrates values
(14, 115);

insert into administrates values
(15, 116);

insert into administrates values
(16, 117);

insert into administrates values
(17, 32);

insert into administrates values
(18, 33);

insert into administrates values
(19, 118);

insert into administrates values
(20, 119);

insert into administrates values
(21, 96);

insert into administrates values
(22, 107);

insert into administrates values
(23, 120);

insert into administrates values
(24, 48);

insert into administrates values
(25, 12);

insert into administrates values
(26, 57);

insert into administrates values
(27, 112);

insert into administrates values
(28, 121);

insert into administrates values
(29, 27);

insert into administrates values
(30, 98);

insert into administrates values
(31, 76);

insert into administrates values
(32, 58);

insert into administrates values
(33, 118);

insert into administrates values
(34, 114);

insert into administrates values
(35, 84);

insert into administrates values
(36, 55);

insert into administrates values
(37, 2);

insert into administrates values
(38, 90);

insert into administrates values
(39, 80);

insert into administrates values
(40, 71);

insert into administrates values
(41, 122);

insert into administrates values
(42, 79);

insert into administrates values
(43, 65);

insert into administrates values
(44, 78);

insert into administrates values
(45, 49);

insert into administrates values
(46, 122);

insert into administrates values
(47, 38);

insert into administrates values
(48, 1);

insert into administrates values
(49,66);

insert into administrates values
(50,123);

insert into administrates values
(51,57);

insert into administrates values
(52,75);

insert into administrates values
(53,60);

insert into administrates values
(54,124);

insert into administrates values
(55,45);



--
-- insert into deliverable (2,35,39,48,55)
--


insert into deliverable values
(7,'Safety precautions when dealing with atomic energy and how not to destroy the whole earth in one minute','Safety Precautions','2021-12-01');

insert into deliverable values
(7,'An extended analysis of how atomic energy can be converted into electricity','Methods of generating electricity using atomic energy','2023-01-01');

insert into deliverable values
(8,'How the prohibition in America impacted alcohol consumption','Impacts of prohibition in America','2022-09-01');

insert into deliverable values
(10,'An extended analysis of the achievements in Physics until 1700','Evolution of Physics until 1700','2022-06-01');

insert into deliverable values
(10,'An extended analysis of the achievements in Physics until 2022','Evolution of Physics until 2022','2022-12-01');

insert into deliverable values
(11,'An extended analysis of the achievements in Maths until 1700','Evolution of Maths until 1700','2022-10-01');

insert into deliverable values
(11,'An extended analysis of the achievements in Maths until today','Evolution of Maths until today','2023-01-20');

insert into deliverable values
(17,'Possibilities of life existence in Mars','Water in Mars','2023-01-01');

insert into deliverable values
(36,'How young musicians have achieved to bring Bach and Beethoven back to life','Classical Music is Bach','2023-05-01');

insert into deliverable values
(42,'Do women earn as much as men ? Not at all','Equal Wages between men and women','2022-09-01');

insert into deliverable values
(42,'Income inequality among races','Racial pay gap','2022-12-01');

insert into deliverable values
(33,'The beginning of a century full of wars and changes','Developements up until WW2','2023-05-01');

insert into deliverable values
(20,'A detailed analysis of the differences between the structures of SML New Jersey and Prolog','SML and Prolog','2021-10-01');

